-- phpMyAdmin SQL Dump
-- version 5.0.1
-- https://www.phpmyadmin.net/
--
-- Host: 127.0.0.1
-- Generation Time: Mar 27, 2020 at 10:50 PM
-- Server version: 10.4.11-MariaDB
-- PHP Version: 7.4.1

SET SQL_MODE = "NO_AUTO_VALUE_ON_ZERO";
SET AUTOCOMMIT = 0;
START TRANSACTION;
SET time_zone = "+00:00";


/*!40101 SET @OLD_CHARACTER_SET_CLIENT=@@CHARACTER_SET_CLIENT */;
/*!40101 SET @OLD_CHARACTER_SET_RESULTS=@@CHARACTER_SET_RESULTS */;
/*!40101 SET @OLD_COLLATION_CONNECTION=@@COLLATION_CONNECTION */;
/*!40101 SET NAMES utf8mb4 */;

--
-- Database: `laravel`
--

-- --------------------------------------------------------

--
-- Table structure for table `actions`
--

CREATE TABLE `actions` (
  `id_actions` int(11) NOT NULL,
  `action` varchar(150) NOT NULL,
  `date` date NOT NULL DEFAULT current_timestamp(),
  `time` time NOT NULL DEFAULT current_timestamp(),
  `id_user` int(11) NOT NULL
) ENGINE=InnoDB DEFAULT CHARSET=utf8mb4;

--
-- Dumping data for table `actions`
--

INSERT INTO `actions` (`id_actions`, `action`, `date`, `time`, `id_user`) VALUES
(2, 'login', '2020-03-26', '20:36:30', 1),
(3, 'logout', '2020-03-27', '20:36:30', 1),
(4, 'login', '2020-03-27', '20:36:30', 1),
(5, 'logout', '2020-03-27', '20:36:30', 1),
(6, 'login', '2020-03-27', '20:36:30', 1),
(7, 'logout', '2020-03-27', '20:36:30', 1),
(8, 'login', '2020-03-27', '20:36:30', 4),
(9, 'logout', '2020-03-27', '21:22:09', 4),
(10, 'login', '2020-03-27', '21:23:09', 1),
(11, 'logout', '2020-03-27', '22:02:40', 1),
(12, 'login', '2020-03-27', '22:02:52', 1),
(13, 'logout', '2020-03-27', '22:09:57', 1),
(14, 'login', '2020-03-27', '22:10:49', 16),
(15, 'logout', '2020-03-27', '22:12:05', 16),
(16, 'login', '2020-03-27', '22:12:18', 16),
(17, 'logout', '2020-03-27', '22:12:38', 16),
(18, 'login', '2020-03-27', '22:12:46', 3),
(19, 'logout', '2020-03-27', '22:13:10', 3),
(20, 'login', '2020-03-27', '22:13:20', 1),
(21, 'logout', '2020-03-27', '22:13:39', 1),
(22, 'login', '2020-03-27', '22:13:50', 4),
(23, 'logout', '2020-03-27', '22:21:35', 4),
(24, 'register', '2020-03-27', '22:22:20', 18),
(25, 'login', '2020-03-27', '22:36:51', 1),
(26, 'logout', '2020-03-27', '22:45:42', 1),
(27, 'login', '2020-03-27', '22:45:49', 4);

-- --------------------------------------------------------

--
-- Table structure for table `comments`
--

CREATE TABLE `comments` (
  `id_comment` int(11) NOT NULL,
  `text` varchar(250) NOT NULL,
  `id_post` int(11) NOT NULL,
  `id_user` int(11) NOT NULL
) ENGINE=InnoDB DEFAULT CHARSET=utf8mb4;

--
-- Dumping data for table `comments`
--

INSERT INTO `comments` (`id_comment`, `text`, `id_post`, `id_user`) VALUES
(1, 'Post pera1', 1, 1),
(2, 'Komentar', 2, 1),
(3, 'Komentar', 1, 1),
(4, 'Ruzan decko', 5, 1),
(5, 'Komentar1', 6, 2),
(6, 'Komentar2', 6, 2),
(7, 'Komentar3', 6, 2),
(8, 'Komentar4', 6, 2),
(9, 'dsadsa', 6, 2),
(10, 'Test', 5, 2),
(11, 'test', 5, 2),
(12, 'test ajax', 5, 2),
(16, 'Hehe', 8, 1),
(17, 'Komentar', 9, 16);

-- --------------------------------------------------------

--
-- Table structure for table `friends`
--

CREATE TABLE `friends` (
  `id_friend` int(11) NOT NULL,
  `date` timestamp NOT NULL DEFAULT current_timestamp(),
  `id_friend1` int(11) NOT NULL,
  `id_friend2` int(11) NOT NULL
) ENGINE=InnoDB DEFAULT CHARSET=utf8mb4;

--
-- Dumping data for table `friends`
--

INSERT INTO `friends` (`id_friend`, `date`, `id_friend1`, `id_friend2`) VALUES
(15, '2020-03-26 21:23:14', 2, 1),
(16, '2020-03-26 21:23:14', 1, 2),
(35, '2020-03-27 07:07:53', 3, 2),
(36, '2020-03-27 07:07:53', 2, 3),
(37, '2020-03-27 21:11:24', 13, 16),
(38, '2020-03-27 21:11:24', 16, 13),
(39, '2020-03-27 21:11:26', 12, 16),
(40, '2020-03-27 21:11:26', 16, 12),
(41, '2020-03-27 21:11:41', 3, 16),
(42, '2020-03-27 21:11:41', 16, 3),
(43, '2020-03-27 21:12:21', 1, 16),
(44, '2020-03-27 21:12:21', 16, 1);

-- --------------------------------------------------------

--
-- Table structure for table `images`
--

CREATE TABLE `images` (
  `id_image` int(11) NOT NULL,
  `src` varchar(150) NOT NULL,
  `alt` varchar(150) NOT NULL,
  `id_post` int(11) NOT NULL
) ENGINE=InnoDB DEFAULT CHARSET=utf8mb4;

--
-- Dumping data for table `images`
--

INSERT INTO `images` (`id_image`, `src`, `alt`, `id_post`) VALUES
(1, '1585323514pexels-photo-220453.jpeg', 'pexels-photo-220453.jpeg', 2),
(8, '1585323708port02.jpg', 'port02.jpg', 8),
(9, '1585343462port04.jpg', 'port04.jpg', 9),
(10, '1585343583port06.jpg', 'port06.jpg', 10);

-- --------------------------------------------------------

--
-- Table structure for table `likes`
--

CREATE TABLE `likes` (
  `id_like` int(11) NOT NULL,
  `id_post` int(11) NOT NULL,
  `id_user` int(11) NOT NULL
) ENGINE=InnoDB DEFAULT CHARSET=utf8mb4;

--
-- Dumping data for table `likes`
--

INSERT INTO `likes` (`id_like`, `id_post`, `id_user`) VALUES
(1, 6, 2),
(15, 6, 1),
(18, 5, 1),
(27, 2, 1),
(28, 2, 2);

-- --------------------------------------------------------

--
-- Table structure for table `navigation`
--

CREATE TABLE `navigation` (
  `id_navigation` int(11) NOT NULL,
  `name` varchar(100) NOT NULL,
  `href` varchar(100) NOT NULL,
  `position` int(11) NOT NULL
) ENGINE=InnoDB DEFAULT CHARSET=utf8mb4;

--
-- Dumping data for table `navigation`
--

INSERT INTO `navigation` (`id_navigation`, `name`, `href`, `position`) VALUES
(1, 'Home', '/', 0);

-- --------------------------------------------------------

--
-- Table structure for table `posts`
--

CREATE TABLE `posts` (
  `id_post` int(11) NOT NULL,
  `description` varchar(250) NOT NULL,
  `created_post` datetime NOT NULL DEFAULT current_timestamp(),
  `id_user` int(11) NOT NULL
) ENGINE=InnoDB DEFAULT CHARSET=utf8mb4;

--
-- Dumping data for table `posts`
--

INSERT INTO `posts` (`id_post`, `description`, `created_post`, `id_user`) VALUES
(1, 'Prvi post', '2020-03-22 09:04:59', 1),
(2, 'Aca post', '2020-03-23 21:40:44', 2),
(3, 'Zika post1', '2020-03-23 21:46:56', 4),
(5, 'Novi pokusaj', '2020-03-26 19:11:12', 1),
(6, 'Najnoviji post', '2020-03-26 22:28:18', 1),
(8, 'Perin prvi post', '2020-03-27 16:41:00', 1),
(9, 'Jovan post', '2020-03-27 22:11:02', 16),
(10, 'Zika prvi post', '2020-03-27 22:13:03', 3);

-- --------------------------------------------------------

--
-- Table structure for table `roles`
--

CREATE TABLE `roles` (
  `id_role` int(11) NOT NULL,
  `name` varchar(150) NOT NULL
) ENGINE=InnoDB DEFAULT CHARSET=utf8mb4;

--
-- Dumping data for table `roles`
--

INSERT INTO `roles` (`id_role`, `name`) VALUES
(1, 'user'),
(2, 'admin');

-- --------------------------------------------------------

--
-- Table structure for table `users`
--

CREATE TABLE `users` (
  `id_user` int(11) NOT NULL,
  `first_name` varchar(100) NOT NULL,
  `last_name` varchar(100) NOT NULL,
  `username` varchar(150) NOT NULL,
  `email` varchar(150) NOT NULL,
  `password` varchar(150) NOT NULL,
  `profile_img_src` varchar(150) NOT NULL DEFAULT 'default.png',
  `profile_img_alt` varchar(150) NOT NULL DEFAULT 'default',
  `online` tinyint(1) NOT NULL DEFAULT 0,
  `created` datetime NOT NULL DEFAULT current_timestamp(),
  `updated` timestamp NOT NULL DEFAULT current_timestamp(),
  `id_role` int(11) NOT NULL DEFAULT 1
) ENGINE=InnoDB DEFAULT CHARSET=utf8mb4;

--
-- Dumping data for table `users`
--

INSERT INTO `users` (`id_user`, `first_name`, `last_name`, `username`, `email`, `password`, `profile_img_src`, `profile_img_alt`, `online`, `created`, `updated`, `id_role`) VALUES
(1, 'Pera', 'Peric', 'pera123', 'pera@gmail.com', 'f34645c02ea2e8cbde7f6e7505d2a717', '1585251136temp-people-profile.jpg', 'temp-people-profile.jpg', 0, '2020-03-26 20:30:53', '2020-03-27 19:27:47', 1),
(2, 'Aca', 'Todorovic', 'aca123', 'aca@gmail.com', '657a676ada7df22163cdb2cb858dec1a', '1585295886download (1).jfif', 'download (1).jfif', 0, '2020-03-26 20:31:29', '2020-03-26 19:31:29', 1),
(3, 'Zika', 'Zikic', 'zika123', 'zika@gmail.com', '657a676ada7df22163cdb2cb858dec1a', '1585257319download.jfif', 'download.jfif', 0, '2020-03-26 20:31:41', '2020-03-26 19:31:41', 1),
(4, 'Admin', 'Admin', 'admin123', 'admin@gmail.com', '10c4981bb793e1698a83aea43030a388', 'default.png', 'default', 0, '2020-03-27 16:53:12', '2020-03-27 15:53:12', 2),
(8, 'Nikola', 'Nikolic', 'nikola123', 'nikola@gmail.com', '657a676ada7df22163cdb2cb858dec1a', 'default.png', 'default', 0, '2020-03-27 17:23:55', '2020-03-27 16:23:55', 1),
(9, 'Milan', 'Milan', 'milan123', 'milan@gmail.com', 'cf81caec936b5214f6e758945ae4e401', 'default.png', 'default', 0, '2020-03-27 17:25:34', '2020-03-27 16:25:34', 1),
(12, 'Marko', 'Markovic', 'marko123', 'marko@gmail.com', '657a676ada7df22163cdb2cb858dec1a', 'default.png', 'default', 0, '2020-03-27 22:06:32', '2020-03-27 21:06:32', 1),
(13, 'Jelena', 'Jelenkovic', 'jelena123', 'jelena@gmail.com', '657a676ada7df22163cdb2cb858dec1a', 'default.png', 'default', 0, '2020-03-27 22:07:10', '2020-03-27 21:07:10', 1),
(14, 'Dusko', 'Dugousko', 'dusko123', 'dusko@gmail.com', '657a676ada7df22163cdb2cb858dec1a', 'default.png', 'default', 0, '2020-03-27 22:08:09', '2020-03-27 21:08:09', 1),
(15, 'Pera', 'Detlic', 'pera123!', 'detlic@gmail.com', '657a676ada7df22163cdb2cb858dec1a', 'default.png', 'default', 0, '2020-03-27 22:08:40', '2020-03-27 21:08:40', 1),
(16, 'Jovan', 'Jovanovic', 'jovan123', 'jovan@gmail.com', '657a676ada7df22163cdb2cb858dec1a', 'default.png', 'default', 0, '2020-03-27 22:09:02', '2020-03-27 21:09:02', 1),
(17, 'Milorad', 'Miloradovic', 'milorad123', 'milorad@gmail.com', '657a676ada7df22163cdb2cb858dec1a', 'default.png', 'default', 0, '2020-03-27 22:09:52', '2020-03-27 21:09:52', 1),
(18, 'Irena', 'Trailovic', 'irena123', 'irena@gmail.com', '693d371570a08b5de53ca8d4452f036f', 'default.png', 'default', 0, '2020-03-27 22:22:20', '2020-03-27 21:22:20', 1);

-- --------------------------------------------------------

--
-- Table structure for table `visit`
--

CREATE TABLE `visit` (
  `id_visit` int(11) NOT NULL,
  `id_user` int(11) NOT NULL,
  `ip_user` varchar(50) NOT NULL,
  `url` varchar(150) NOT NULL,
  `date` datetime NOT NULL DEFAULT current_timestamp()
) ENGINE=InnoDB DEFAULT CHARSET=utf8mb4;

--
-- Dumping data for table `visit`
--

INSERT INTO `visit` (`id_visit`, `id_user`, `ip_user`, `url`, `date`) VALUES
(1, 1, '127.0.0.1', 'http://127.0.0.1:8000', '2020-03-27 17:43:41'),
(2, 1, '127.0.0.1', 'http://127.0.0.1:8000/user/1', '2020-03-27 17:44:03'),
(3, 1, '127.0.0.1', 'http://127.0.0.1:8000/logout', '2020-03-27 17:45:38'),
(4, 4, '127.0.0.1', 'http://127.0.0.1:8000', '2020-03-27 17:45:55'),
(5, 4, '127.0.0.1', 'http://127.0.0.1:8000/admin/user', '2020-03-27 17:46:02'),
(6, 4, '127.0.0.1', 'http://127.0.0.1:8000/admin/user/10/delete', '2020-03-27 17:46:09'),
(7, 4, '127.0.0.1', 'http://127.0.0.1:8000/admin/user', '2020-03-27 17:46:09'),
(8, 4, '127.0.0.1', 'http://127.0.0.1:8000', '2020-03-27 17:59:56'),
(9, 4, '127.0.0.1', 'http://127.0.0.1:8000/admin/dashboard', '2020-03-27 18:00:44'),
(10, 4, '127.0.0.1', 'http://127.0.0.1:8000/admin/dashboard', '2020-03-27 18:01:39'),
(11, 4, '127.0.0.1', 'http://127.0.0.1:8000/admin/dashboard', '2020-03-27 18:06:43'),
(12, 4, '127.0.0.1', 'http://127.0.0.1:8000/admin/dashboard', '2020-03-27 18:07:23'),
(13, 4, '127.0.0.1', 'http://127.0.0.1:8000/admin/dashboard', '2020-03-27 18:08:47'),
(14, 4, '127.0.0.1', 'http://127.0.0.1:8000/admin/dashboard', '2020-03-27 18:10:50'),
(15, 4, '127.0.0.1', 'http://127.0.0.1:8000/admin/dashboard', '2020-03-27 18:11:00'),
(16, 4, '127.0.0.1', 'http://127.0.0.1:8000/admin/dashboard', '2020-03-27 18:11:13'),
(17, 4, '127.0.0.1', 'http://127.0.0.1:8000/admin/dashboard', '2020-03-27 18:12:12'),
(18, 4, '127.0.0.1', 'http://127.0.0.1:8000/admin/dashboard', '2020-03-27 18:12:15'),
(19, 4, '127.0.0.1', 'http://127.0.0.1:8000/admin/dashboard', '2020-03-27 18:12:17'),
(20, 4, '127.0.0.1', 'http://127.0.0.1:8000/admin/dashboard', '2020-03-27 18:12:19'),
(21, 4, '127.0.0.1', 'http://127.0.0.1:8000/admin/dashboard', '2020-03-27 18:12:21'),
(22, 4, '127.0.0.1', 'http://127.0.0.1:8000/admin/dashboard', '2020-03-27 18:12:23'),
(23, 4, '127.0.0.1', 'http://127.0.0.1:8000/admin/dashboard', '2020-03-27 18:12:25'),
(24, 4, '127.0.0.1', 'http://127.0.0.1:8000/admin/dashboard', '2020-03-27 18:12:27'),
(25, 4, '127.0.0.1', 'http://127.0.0.1:8000/admin/dashboard', '2020-03-27 18:12:30'),
(26, 4, '127.0.0.1', 'http://127.0.0.1:8000/admin/dashboard', '2020-03-27 18:12:31'),
(27, 4, '127.0.0.1', 'http://127.0.0.1:8000/admin/dashboard', '2020-03-27 18:12:50'),
(28, 4, '127.0.0.1', 'http://127.0.0.1:8000/admin/dashboard', '2020-03-27 18:12:58'),
(29, 4, '127.0.0.1', 'http://127.0.0.1:8000/admin/dashboard', '2020-03-27 18:14:14'),
(30, 4, '127.0.0.1', 'http://127.0.0.1:8000/admin/dashboard', '2020-03-27 18:14:45'),
(31, 4, '127.0.0.1', 'http://127.0.0.1:8000/admin/dashboard', '2020-03-27 18:14:51'),
(32, 4, '127.0.0.1', 'http://127.0.0.1:8000/admin/dashboard', '2020-03-27 18:14:53'),
(33, 4, '127.0.0.1', 'http://127.0.0.1:8000/admin/dashboard', '2020-03-27 18:14:55'),
(34, 4, '127.0.0.1', 'http://127.0.0.1:8000/admin/dashboard', '2020-03-27 18:15:08'),
(35, 4, '127.0.0.1', 'http://127.0.0.1:8000/admin/dashboard', '2020-03-27 18:15:59'),
(36, 4, '127.0.0.1', 'http://127.0.0.1:8000/admin/dashboard', '2020-03-27 18:19:04'),
(37, 4, '127.0.0.1', 'http://127.0.0.1:8000/admin/dashboard', '2020-03-27 18:30:08'),
(38, 4, '127.0.0.1', 'http://127.0.0.1:8000/admin/dashboard', '2020-03-27 18:30:18'),
(39, 4, '127.0.0.1', 'http://127.0.0.1:8000/admin/dashboard', '2020-03-27 18:30:40'),
(40, 4, '127.0.0.1', 'http://127.0.0.1:8000/admin/dashboard', '2020-03-27 18:30:46'),
(41, 4, '127.0.0.1', 'http://127.0.0.1:8000/admin/dashboard', '2020-03-27 18:31:28'),
(42, 4, '127.0.0.1', 'http://127.0.0.1:8000/admin/dashboard', '2020-03-27 18:31:35'),
(43, 4, '127.0.0.1', 'http://127.0.0.1:8000/admin/dashboard', '2020-03-27 18:32:38'),
(44, 4, '127.0.0.1', 'http://127.0.0.1:8000/admin/dashboard', '2020-03-27 18:32:45'),
(45, 4, '127.0.0.1', 'http://127.0.0.1:8000/admin/dashboard', '2020-03-27 18:32:52'),
(46, 4, '127.0.0.1', 'http://127.0.0.1:8000/admin/dashboard', '2020-03-27 18:33:03'),
(47, 4, '127.0.0.1', 'http://127.0.0.1:8000/admin/user', '2020-03-27 18:39:11'),
(48, 4, '127.0.0.1', 'http://127.0.0.1:8000/admin/user', '2020-03-27 18:39:22'),
(49, 4, '127.0.0.1', 'http://127.0.0.1:8000/admin/visits', '2020-03-27 18:39:33'),
(50, 4, '127.0.0.1', 'http://127.0.0.1:8000/admin/visits', '2020-03-27 18:39:57'),
(51, 4, '127.0.0.1', 'http://127.0.0.1:8000/admin/visits', '2020-03-27 18:40:15'),
(52, 4, '127.0.0.1', 'http://127.0.0.1:8000/admin/visits', '2020-03-27 18:43:54'),
(53, 4, '127.0.0.1', 'http://127.0.0.1:8000/admin/visits', '2020-03-27 18:44:18'),
(54, 4, '127.0.0.1', 'http://127.0.0.1:8000/admin/actions', '2020-03-27 18:44:25'),
(55, 4, '127.0.0.1', 'http://127.0.0.1:8000/admin/actions', '2020-03-27 18:44:50'),
(56, 4, '127.0.0.1', 'http://127.0.0.1:8000/admin/visits', '2020-03-27 18:45:22'),
(57, 4, '127.0.0.1', 'http://127.0.0.1:8000/admin/visits', '2020-03-27 18:47:50'),
(58, 4, '127.0.0.1', 'http://127.0.0.1:8000/admin/user', '2020-03-27 18:47:55'),
(59, 4, '127.0.0.1', 'http://127.0.0.1:8000/admin/visits', '2020-03-27 18:48:12'),
(60, 4, '127.0.0.1', 'http://127.0.0.1:8000/admin/actions', '2020-03-27 18:48:17'),
(61, 4, '127.0.0.1', 'http://127.0.0.1:8000/admin/actions', '2020-03-27 18:49:35'),
(62, 4, '127.0.0.1', 'http://127.0.0.1:8000/admin/actions', '2020-03-27 18:49:47'),
(63, 4, '127.0.0.1', 'http://127.0.0.1:8000/admin/user', '2020-03-27 18:49:55'),
(64, 4, '127.0.0.1', 'http://127.0.0.1:8000/admin/user', '2020-03-27 18:54:52'),
(65, 4, '127.0.0.1', 'http://127.0.0.1:8000/admin/user', '2020-03-27 18:55:03'),
(66, 4, '127.0.0.1', 'http://127.0.0.1:8000/admin/user', '2020-03-27 18:55:08'),
(67, 4, '127.0.0.1', 'http://127.0.0.1:8000/admin/user', '2020-03-27 18:55:12'),
(68, 4, '127.0.0.1', 'http://127.0.0.1:8000/admin/user', '2020-03-27 19:00:08'),
(69, 4, '127.0.0.1', 'http://127.0.0.1:8000/admin/user', '2020-03-27 19:02:56'),
(70, 4, '127.0.0.1', 'http://127.0.0.1:8000/admin/user', '2020-03-27 19:04:36'),
(71, 4, '127.0.0.1', 'http://127.0.0.1:8000/admin/user', '2020-03-27 19:04:40'),
(72, 4, '127.0.0.1', 'http://127.0.0.1:8000/admin/user', '2020-03-27 19:07:14'),
(73, 4, '127.0.0.1', 'http://127.0.0.1:8000/admin/user', '2020-03-27 19:07:17'),
(74, 4, '127.0.0.1', 'http://127.0.0.1:8000/admin/user', '2020-03-27 19:07:17'),
(75, 4, '127.0.0.1', 'http://127.0.0.1:8000/admin/user', '2020-03-27 19:07:50'),
(76, 4, '127.0.0.1', 'http://127.0.0.1:8000/admin/user', '2020-03-27 19:07:53'),
(77, 4, '127.0.0.1', 'http://127.0.0.1:8000/admin/user', '2020-03-27 19:07:54'),
(78, 4, '127.0.0.1', 'http://127.0.0.1:8000/admin/user', '2020-03-27 19:08:29'),
(79, 4, '127.0.0.1', 'http://127.0.0.1:8000/admin/user', '2020-03-27 19:08:32'),
(80, 4, '127.0.0.1', 'http://127.0.0.1:8000/admin/user', '2020-03-27 19:08:32'),
(81, 4, '127.0.0.1', 'http://127.0.0.1:8000/admin/user', '2020-03-27 19:08:49'),
(82, 4, '127.0.0.1', 'http://127.0.0.1:8000/admin/user', '2020-03-27 19:08:52'),
(83, 4, '127.0.0.1', 'http://127.0.0.1:8000/admin/user', '2020-03-27 19:08:52'),
(84, 4, '127.0.0.1', 'http://127.0.0.1:8000/admin/user', '2020-03-27 19:08:53'),
(85, 4, '127.0.0.1', 'http://127.0.0.1:8000/admin/user', '2020-03-27 19:08:53'),
(86, 4, '127.0.0.1', 'http://127.0.0.1:8000/admin/user', '2020-03-27 19:09:20'),
(87, 4, '127.0.0.1', 'http://127.0.0.1:8000/admin/user', '2020-03-27 19:09:24'),
(88, 4, '127.0.0.1', 'http://127.0.0.1:8000/admin/user', '2020-03-27 19:09:24'),
(89, 4, '127.0.0.1', 'http://127.0.0.1:8000/admin/user', '2020-03-27 19:09:24'),
(90, 4, '127.0.0.1', 'http://127.0.0.1:8000/admin/user', '2020-03-27 19:09:25'),
(91, 4, '127.0.0.1', 'http://127.0.0.1:8000/admin/user', '2020-03-27 19:09:25'),
(92, 4, '127.0.0.1', 'http://127.0.0.1:8000/admin/user', '2020-03-27 19:11:55'),
(93, 4, '127.0.0.1', 'http://127.0.0.1:8000/admin/user', '2020-03-27 19:11:59'),
(94, 4, '127.0.0.1', 'http://127.0.0.1:8000/admin/user', '2020-03-27 19:12:00'),
(95, 4, '127.0.0.1', 'http://127.0.0.1:8000/admin/user', '2020-03-27 19:15:40'),
(96, 4, '127.0.0.1', 'http://127.0.0.1:8000/admin/user', '2020-03-27 19:15:41'),
(97, 4, '127.0.0.1', 'http://127.0.0.1:8000/admin/user', '2020-03-27 19:15:41'),
(98, 4, '127.0.0.1', 'http://127.0.0.1:8000/admin/user', '2020-03-27 19:15:49'),
(99, 4, '127.0.0.1', 'http://127.0.0.1:8000/admin/user', '2020-03-27 19:15:52'),
(100, 4, '127.0.0.1', 'http://127.0.0.1:8000/admin/user', '2020-03-27 19:20:16'),
(101, 4, '127.0.0.1', 'http://127.0.0.1:8000/admin/user', '2020-03-27 19:20:20'),
(102, 4, '127.0.0.1', 'http://127.0.0.1:8000/admin/user', '2020-03-27 19:20:21'),
(103, 4, '127.0.0.1', 'http://127.0.0.1:8000/admin/user', '2020-03-27 19:21:32'),
(104, 4, '127.0.0.1', 'http://127.0.0.1:8000/admin/user', '2020-03-27 19:21:52'),
(105, 4, '127.0.0.1', 'http://127.0.0.1:8000/admin/user', '2020-03-27 19:22:06'),
(106, 4, '127.0.0.1', 'http://127.0.0.1:8000/admin/user', '2020-03-27 19:22:10'),
(107, 4, '127.0.0.1', 'http://127.0.0.1:8000/admin/user', '2020-03-27 19:22:59'),
(108, 4, '127.0.0.1', 'http://127.0.0.1:8000/admin/user', '2020-03-27 19:23:02'),
(109, 4, '127.0.0.1', 'http://127.0.0.1:8000/admin/user', '2020-03-27 19:23:16'),
(110, 4, '127.0.0.1', 'http://127.0.0.1:8000/admin/user', '2020-03-27 19:23:18'),
(111, 4, '127.0.0.1', 'http://127.0.0.1:8000/admin/user', '2020-03-27 19:25:01'),
(112, 4, '127.0.0.1', 'http://127.0.0.1:8000/admin/user', '2020-03-27 19:25:07'),
(113, 4, '127.0.0.1', 'http://127.0.0.1:8000/admin/user', '2020-03-27 19:25:07'),
(114, 4, '127.0.0.1', 'http://127.0.0.1:8000/admin/user', '2020-03-27 19:30:02'),
(115, 4, '127.0.0.1', 'http://127.0.0.1:8000/admin/user', '2020-03-27 19:31:47'),
(116, 4, '127.0.0.1', 'http://127.0.0.1:8000/admin/user', '2020-03-27 19:31:47'),
(117, 4, '127.0.0.1', 'http://127.0.0.1:8000/admin/user', '2020-03-27 19:31:47'),
(118, 4, '127.0.0.1', 'http://127.0.0.1:8000/admin/user', '2020-03-27 19:31:48'),
(119, 4, '127.0.0.1', 'http://127.0.0.1:8000/admin/user', '2020-03-27 19:31:48'),
(120, 4, '127.0.0.1', 'http://127.0.0.1:8000/admin/user', '2020-03-27 19:31:48'),
(121, 4, '127.0.0.1', 'http://127.0.0.1:8000/admin/user', '2020-03-27 19:31:49'),
(122, 4, '127.0.0.1', 'http://127.0.0.1:8000/admin/user', '2020-03-27 19:31:50'),
(123, 4, '127.0.0.1', 'http://127.0.0.1:8000/admin/user', '2020-03-27 19:31:52'),
(124, 4, '127.0.0.1', 'http://127.0.0.1:8000/admin/user', '2020-03-27 19:31:52'),
(125, 4, '127.0.0.1', 'http://127.0.0.1:8000/admin/user', '2020-03-27 19:31:53'),
(126, 4, '127.0.0.1', 'http://127.0.0.1:8000/admin/user', '2020-03-27 19:31:53'),
(127, 4, '127.0.0.1', 'http://127.0.0.1:8000/admin/user', '2020-03-27 19:31:53'),
(128, 4, '127.0.0.1', 'http://127.0.0.1:8000/admin/user', '2020-03-27 19:31:54'),
(129, 4, '127.0.0.1', 'http://127.0.0.1:8000/admin/user', '2020-03-27 19:31:54'),
(130, 4, '127.0.0.1', 'http://127.0.0.1:8000/admin/user', '2020-03-27 19:33:03'),
(131, 4, '127.0.0.1', 'http://127.0.0.1:8000/admin/user', '2020-03-27 19:33:07'),
(132, 4, '127.0.0.1', 'http://127.0.0.1:8000/admin/user', '2020-03-27 19:33:50'),
(133, 4, '127.0.0.1', 'http://127.0.0.1:8000/admin/user', '2020-03-27 19:34:21'),
(134, 4, '127.0.0.1', 'http://127.0.0.1:8000/admin/user', '2020-03-27 19:34:50'),
(135, 4, '127.0.0.1', 'http://127.0.0.1:8000/admin/user', '2020-03-27 19:34:55'),
(136, 4, '127.0.0.1', 'http://127.0.0.1:8000/admin/user', '2020-03-27 19:35:09'),
(137, 4, '127.0.0.1', 'http://127.0.0.1:8000/admin/user', '2020-03-27 19:35:49'),
(138, 4, '127.0.0.1', 'http://127.0.0.1:8000/admin/user', '2020-03-27 19:35:53'),
(139, 4, '127.0.0.1', 'http://127.0.0.1:8000/admin/user', '2020-03-27 19:35:56'),
(140, 4, '127.0.0.1', 'http://127.0.0.1:8000/admin/user', '2020-03-27 19:35:59'),
(141, 4, '127.0.0.1', 'http://127.0.0.1:8000/admin/user', '2020-03-27 19:36:03'),
(142, 4, '127.0.0.1', 'http://127.0.0.1:8000/admin/user', '2020-03-27 19:36:12'),
(143, 4, '127.0.0.1', 'http://127.0.0.1:8000/admin/user', '2020-03-27 19:36:17'),
(144, 4, '127.0.0.1', 'http://127.0.0.1:8000/admin/user', '2020-03-27 19:36:27'),
(145, 4, '127.0.0.1', 'http://127.0.0.1:8000/admin/user', '2020-03-27 19:36:32'),
(146, 4, '127.0.0.1', 'http://127.0.0.1:8000/admin/user', '2020-03-27 19:36:47'),
(147, 4, '127.0.0.1', 'http://127.0.0.1:8000/admin/user', '2020-03-27 19:36:56'),
(148, 4, '127.0.0.1', 'http://127.0.0.1:8000/admin/user', '2020-03-27 19:37:26'),
(149, 4, '127.0.0.1', 'http://127.0.0.1:8000/admin/user', '2020-03-27 19:37:35'),
(150, 4, '127.0.0.1', 'http://127.0.0.1:8000/admin/user', '2020-03-27 19:37:40'),
(151, 4, '127.0.0.1', 'http://127.0.0.1:8000/admin/user', '2020-03-27 19:37:48'),
(152, 4, '127.0.0.1', 'http://127.0.0.1:8000/admin/user', '2020-03-27 19:37:53'),
(153, 4, '127.0.0.1', 'http://127.0.0.1:8000/admin/user', '2020-03-27 19:37:58'),
(154, 4, '127.0.0.1', 'http://127.0.0.1:8000/admin/user', '2020-03-27 19:39:06'),
(155, 4, '127.0.0.1', 'http://127.0.0.1:8000/admin/user', '2020-03-27 19:39:10'),
(156, 4, '127.0.0.1', 'http://127.0.0.1:8000/admin/user', '2020-03-27 19:39:27'),
(157, 4, '127.0.0.1', 'http://127.0.0.1:8000/admin/user', '2020-03-27 19:39:33'),
(158, 4, '127.0.0.1', 'http://127.0.0.1:8000/admin/user', '2020-03-27 19:39:39'),
(159, 4, '127.0.0.1', 'http://127.0.0.1:8000/admin/user', '2020-03-27 19:39:43'),
(160, 4, '127.0.0.1', 'http://127.0.0.1:8000/admin/user', '2020-03-27 19:39:49'),
(161, 4, '127.0.0.1', 'http://127.0.0.1:8000/admin/user', '2020-03-27 20:12:57'),
(162, 4, '127.0.0.1', 'http://127.0.0.1:8000/admin/user', '2020-03-27 20:13:18'),
(163, 4, '127.0.0.1', 'http://127.0.0.1:8000/admin/user', '2020-03-27 20:13:32'),
(164, 4, '127.0.0.1', 'http://127.0.0.1:8000/admin/user', '2020-03-27 20:13:37'),
(165, 4, '127.0.0.1', 'http://127.0.0.1:8000/admin/user', '2020-03-27 20:13:41'),
(166, 4, '127.0.0.1', 'http://127.0.0.1:8000/admin/user', '2020-03-27 20:24:45'),
(167, 4, '127.0.0.1', 'http://127.0.0.1:8000/admin/user', '2020-03-27 20:24:50'),
(168, 4, '127.0.0.1', 'http://127.0.0.1:8000/admin/user', '2020-03-27 20:26:14'),
(169, 4, '127.0.0.1', 'http://127.0.0.1:8000/admin/user', '2020-03-27 20:26:21'),
(170, 4, '127.0.0.1', 'http://127.0.0.1:8000/admin/user', '2020-03-27 20:26:24'),
(171, 4, '127.0.0.1', 'http://127.0.0.1:8000/admin/user', '2020-03-27 20:26:28'),
(172, 4, '127.0.0.1', 'http://127.0.0.1:8000/admin/user', '2020-03-27 20:26:35'),
(173, 4, '127.0.0.1', 'http://127.0.0.1:8000/admin/user', '2020-03-27 20:27:05'),
(174, 4, '127.0.0.1', 'http://127.0.0.1:8000/admin/user', '2020-03-27 20:27:12'),
(175, 4, '127.0.0.1', 'http://127.0.0.1:8000/admin/user', '2020-03-27 20:27:33'),
(176, 4, '127.0.0.1', 'http://127.0.0.1:8000/admin/user', '2020-03-27 20:27:40'),
(177, 4, '127.0.0.1', 'http://127.0.0.1:8000/admin/user', '2020-03-27 20:27:45'),
(178, 4, '127.0.0.1', 'http://127.0.0.1:8000/admin/user', '2020-03-27 20:27:48'),
(179, 4, '127.0.0.1', 'http://127.0.0.1:8000/admin/visits', '2020-03-27 20:28:09'),
(180, 4, '127.0.0.1', 'http://127.0.0.1:8000/admin/actions', '2020-03-27 20:28:25'),
(181, 4, '127.0.0.1', 'http://127.0.0.1:8000/admin/actions', '2020-03-27 20:29:47'),
(182, 4, '127.0.0.1', 'http://127.0.0.1:8000/admin/actions', '2020-03-27 20:30:14'),
(183, 4, '127.0.0.1', 'http://127.0.0.1:8000/admin/actions', '2020-03-27 20:30:18'),
(184, 4, '127.0.0.1', 'http://127.0.0.1:8000/admin/actions', '2020-03-27 20:41:02'),
(185, 4, '127.0.0.1', 'http://127.0.0.1:8000/admin/actions', '2020-03-27 20:41:17'),
(186, 4, '127.0.0.1', 'http://127.0.0.1:8000/admin/actions', '2020-03-27 20:41:22'),
(187, 4, '127.0.0.1', 'http://127.0.0.1:8000/admin/actions', '2020-03-27 20:41:34'),
(188, 4, '127.0.0.1', 'http://127.0.0.1:8000/admin/actions', '2020-03-27 20:42:05'),
(189, 4, '127.0.0.1', 'http://127.0.0.1:8000/admin/actions', '2020-03-27 20:42:33'),
(190, 4, '127.0.0.1', 'http://127.0.0.1:8000/admin/actions', '2020-03-27 20:43:28'),
(191, 4, '127.0.0.1', 'http://127.0.0.1:8000/admin/actions', '2020-03-27 20:43:34'),
(192, 4, '127.0.0.1', 'http://127.0.0.1:8000/admin/actions', '2020-03-27 20:43:36'),
(193, 4, '127.0.0.1', 'http://127.0.0.1:8000/admin/actions', '2020-03-27 20:43:39'),
(194, 4, '127.0.0.1', 'http://127.0.0.1:8000/admin/actions', '2020-03-27 20:43:53'),
(195, 4, '127.0.0.1', 'http://127.0.0.1:8000/admin/actions', '2020-03-27 20:44:06'),
(196, 4, '127.0.0.1', 'http://127.0.0.1:8000/admin/user', '2020-03-27 20:44:14'),
(197, 4, '127.0.0.1', 'http://127.0.0.1:8000/admin/user', '2020-03-27 20:44:42'),
(198, 4, '127.0.0.1', 'http://127.0.0.1:8000/admin/user', '2020-03-27 20:44:51'),
(199, 4, '127.0.0.1', 'http://127.0.0.1:8000/admin/user', '2020-03-27 20:45:03'),
(200, 4, '127.0.0.1', 'http://127.0.0.1:8000/admin/user', '2020-03-27 20:45:10'),
(201, 4, '127.0.0.1', 'http://127.0.0.1:8000/admin/user', '2020-03-27 20:45:14'),
(202, 4, '127.0.0.1', 'http://127.0.0.1:8000/admin/user', '2020-03-27 20:45:17'),
(203, 4, '127.0.0.1', 'http://127.0.0.1:8000/admin/user', '2020-03-27 20:45:55'),
(204, 4, '127.0.0.1', 'http://127.0.0.1:8000/admin/user', '2020-03-27 20:46:05'),
(205, 4, '127.0.0.1', 'http://127.0.0.1:8000/admin/user', '2020-03-27 20:46:10'),
(206, 4, '127.0.0.1', 'http://127.0.0.1:8000/admin/user', '2020-03-27 20:46:18'),
(207, 4, '127.0.0.1', 'http://127.0.0.1:8000/admin/user', '2020-03-27 20:46:21'),
(208, 4, '127.0.0.1', 'http://127.0.0.1:8000/admin/actions', '2020-03-27 20:46:32'),
(209, 4, '127.0.0.1', 'http://127.0.0.1:8000/admin/actions', '2020-03-27 20:46:51'),
(210, 4, '127.0.0.1', 'http://127.0.0.1:8000/admin/actions', '2020-03-27 20:46:55'),
(211, 4, '127.0.0.1', 'http://127.0.0.1:8000/admin/actions', '2020-03-27 20:46:57'),
(212, 4, '127.0.0.1', 'http://127.0.0.1:8000/admin/actions', '2020-03-27 20:48:53'),
(213, 4, '127.0.0.1', 'http://127.0.0.1:8000/admin/actions', '2020-03-27 20:49:13'),
(214, 4, '127.0.0.1', 'http://127.0.0.1:8000/admin/actions', '2020-03-27 20:49:32'),
(215, 4, '127.0.0.1', 'http://127.0.0.1:8000/admin/user', '2020-03-27 20:49:39'),
(216, 4, '127.0.0.1', 'http://127.0.0.1:8000/admin/navigation', '2020-03-27 20:51:07'),
(217, 4, '127.0.0.1', 'http://127.0.0.1:8000/admin/navigation', '2020-03-27 20:52:09'),
(218, 4, '127.0.0.1', 'http://127.0.0.1:8000/admin/navigation', '2020-03-27 20:58:45'),
(219, 4, '127.0.0.1', 'http://127.0.0.1:8000/admin/navigation', '2020-03-27 20:59:19'),
(220, 4, '127.0.0.1', 'http://127.0.0.1:8000/admin/navigation', '2020-03-27 20:59:21'),
(221, 4, '127.0.0.1', 'http://127.0.0.1:8000/admin/navigation', '2020-03-27 20:59:30'),
(222, 4, '127.0.0.1', 'http://127.0.0.1:8000/admin/navigation', '2020-03-27 21:00:33'),
(223, 4, '127.0.0.1', 'http://127.0.0.1:8000/admin/navigation', '2020-03-27 21:00:40'),
(224, 4, '127.0.0.1', 'http://127.0.0.1:8000/admin/navigation', '2020-03-27 21:00:46'),
(225, 4, '127.0.0.1', 'http://127.0.0.1:8000/admin/navigation', '2020-03-27 21:02:13'),
(226, 4, '127.0.0.1', 'http://127.0.0.1:8000/admin/navigation', '2020-03-27 21:02:19'),
(227, 4, '127.0.0.1', 'http://127.0.0.1:8000/admin/navigation', '2020-03-27 21:03:20'),
(228, 4, '127.0.0.1', 'http://127.0.0.1:8000/admin/navigation', '2020-03-27 21:03:33'),
(229, 4, '127.0.0.1', 'http://127.0.0.1:8000/admin/navigation', '2020-03-27 21:03:55'),
(230, 4, '127.0.0.1', 'http://127.0.0.1:8000/admin/navigation', '2020-03-27 21:09:31'),
(231, 4, '127.0.0.1', 'http://127.0.0.1:8000/admin/navigation', '2020-03-27 21:09:31'),
(232, 4, '127.0.0.1', 'http://127.0.0.1:8000/admin/navigation', '2020-03-27 21:09:31'),
(233, 4, '127.0.0.1', 'http://127.0.0.1:8000/admin/navigation', '2020-03-27 21:09:32'),
(234, 4, '127.0.0.1', 'http://127.0.0.1:8000/admin/navigation', '2020-03-27 21:09:32'),
(235, 4, '127.0.0.1', 'http://127.0.0.1:8000/admin/navigation', '2020-03-27 21:09:33'),
(236, 4, '127.0.0.1', 'http://127.0.0.1:8000/admin/navigation', '2020-03-27 21:09:33'),
(237, 4, '127.0.0.1', 'http://127.0.0.1:8000/admin/navigation', '2020-03-27 21:09:33'),
(238, 4, '127.0.0.1', 'http://127.0.0.1:8000/admin/navigation', '2020-03-27 21:09:34'),
(239, 4, '127.0.0.1', 'http://127.0.0.1:8000/admin/navigation', '2020-03-27 21:09:34'),
(240, 4, '127.0.0.1', 'http://127.0.0.1:8000/admin/navigation', '2020-03-27 21:09:35'),
(241, 4, '127.0.0.1', 'http://127.0.0.1:8000/admin/navigation', '2020-03-27 21:09:35'),
(242, 4, '127.0.0.1', 'http://127.0.0.1:8000/admin/navigation', '2020-03-27 21:09:35'),
(243, 4, '127.0.0.1', 'http://127.0.0.1:8000/admin/navigation', '2020-03-27 21:09:36'),
(244, 4, '127.0.0.1', 'http://127.0.0.1:8000/admin/navigation', '2020-03-27 21:09:36'),
(245, 4, '127.0.0.1', 'http://127.0.0.1:8000/admin/navigation', '2020-03-27 21:09:36'),
(246, 4, '127.0.0.1', 'http://127.0.0.1:8000/admin/navigation', '2020-03-27 21:09:37'),
(247, 4, '127.0.0.1', 'http://127.0.0.1:8000/admin/navigation', '2020-03-27 21:09:37'),
(248, 4, '127.0.0.1', 'http://127.0.0.1:8000/admin/navigation', '2020-03-27 21:09:38'),
(249, 4, '127.0.0.1', 'http://127.0.0.1:8000/admin/navigation', '2020-03-27 21:09:38'),
(250, 4, '127.0.0.1', 'http://127.0.0.1:8000/admin/navigation', '2020-03-27 21:09:39'),
(251, 4, '127.0.0.1', 'http://127.0.0.1:8000/admin/navigation', '2020-03-27 21:09:40'),
(252, 4, '127.0.0.1', 'http://127.0.0.1:8000/admin/navigation', '2020-03-27 21:09:40'),
(253, 4, '127.0.0.1', 'http://127.0.0.1:8000/admin/navigation', '2020-03-27 21:09:41'),
(254, 4, '127.0.0.1', 'http://127.0.0.1:8000/admin/navigation', '2020-03-27 21:09:41'),
(255, 4, '127.0.0.1', 'http://127.0.0.1:8000/admin/navigation', '2020-03-27 21:09:41'),
(256, 4, '127.0.0.1', 'http://127.0.0.1:8000/admin/navigation', '2020-03-27 21:09:42'),
(257, 4, '127.0.0.1', 'http://127.0.0.1:8000/admin/navigation', '2020-03-27 21:09:42'),
(258, 4, '127.0.0.1', 'http://127.0.0.1:8000/admin/navigation', '2020-03-27 21:09:42'),
(259, 4, '127.0.0.1', 'http://127.0.0.1:8000/admin/navigation', '2020-03-27 21:09:43'),
(260, 4, '127.0.0.1', 'http://127.0.0.1:8000/admin/navigation', '2020-03-27 21:09:43'),
(261, 4, '127.0.0.1', 'http://127.0.0.1:8000/admin/navigation', '2020-03-27 21:09:44'),
(262, 4, '127.0.0.1', 'http://127.0.0.1:8000/admin/navigation', '2020-03-27 21:09:44'),
(263, 4, '127.0.0.1', 'http://127.0.0.1:8000/admin/navigation', '2020-03-27 21:09:45'),
(264, 4, '127.0.0.1', 'http://127.0.0.1:8000/admin/navigation', '2020-03-27 21:09:45'),
(265, 4, '127.0.0.1', 'http://127.0.0.1:8000/admin/navigation', '2020-03-27 21:09:45'),
(266, 4, '127.0.0.1', 'http://127.0.0.1:8000/admin/navigation', '2020-03-27 21:09:46'),
(267, 4, '127.0.0.1', 'http://127.0.0.1:8000/admin/navigation', '2020-03-27 21:09:46'),
(268, 4, '127.0.0.1', 'http://127.0.0.1:8000/admin/navigation', '2020-03-27 21:09:47'),
(269, 4, '127.0.0.1', 'http://127.0.0.1:8000/admin/navigation', '2020-03-27 21:09:47'),
(270, 4, '127.0.0.1', 'http://127.0.0.1:8000/admin/navigation', '2020-03-27 21:09:47'),
(271, 4, '127.0.0.1', 'http://127.0.0.1:8000/admin/navigation', '2020-03-27 21:09:48'),
(272, 4, '127.0.0.1', 'http://127.0.0.1:8000/admin/navigation', '2020-03-27 21:09:48'),
(273, 4, '127.0.0.1', 'http://127.0.0.1:8000/admin/navigation', '2020-03-27 21:09:49'),
(274, 4, '127.0.0.1', 'http://127.0.0.1:8000/admin/navigation', '2020-03-27 21:09:49'),
(275, 4, '127.0.0.1', 'http://127.0.0.1:8000/admin/user', '2020-03-27 21:09:49'),
(276, 4, '127.0.0.1', 'http://127.0.0.1:8000/admin/navigation', '2020-03-27 21:09:58'),
(277, 4, '127.0.0.1', 'http://127.0.0.1:8000/admin/user', '2020-03-27 21:09:58'),
(278, 4, '127.0.0.1', 'http://127.0.0.1:8000/admin/navigation/create', '2020-03-27 21:10:06'),
(279, 4, '127.0.0.1', 'http://127.0.0.1:8000/admin/navigation/create', '2020-03-27 21:10:15'),
(280, 4, '127.0.0.1', 'http://127.0.0.1:8000/admin/visits', '2020-03-27 21:10:45'),
(281, 4, '127.0.0.1', 'http://127.0.0.1:8000/admin/navigation', '2020-03-27 21:10:53'),
(282, 4, '127.0.0.1', 'http://127.0.0.1:8000/admin/visits', '2020-03-27 21:10:53'),
(283, 4, '127.0.0.1', 'http://127.0.0.1:8000/admin/visits', '2020-03-27 21:11:12'),
(284, 4, '127.0.0.1', 'http://127.0.0.1:8000/admin/navigation', '2020-03-27 21:11:17'),
(285, 4, '127.0.0.1', 'http://127.0.0.1:8000/admin/navigation', '2020-03-27 21:11:41'),
(286, 4, '127.0.0.1', 'http://127.0.0.1:8000/admin/navigation', '2020-03-27 21:12:05'),
(287, 4, '127.0.0.1', 'http://127.0.0.1:8000/admin/navigation/create', '2020-03-27 21:12:13'),
(288, 4, '127.0.0.1', 'http://127.0.0.1:8000/admin/navigation/create', '2020-03-27 21:14:49'),
(289, 4, '127.0.0.1', 'http://127.0.0.1:8000/admin/navigation/create', '2020-03-27 21:14:55'),
(290, 4, '127.0.0.1', 'http://127.0.0.1:8000/admin/user', '2020-03-27 21:15:59'),
(291, 4, '127.0.0.1', 'http://127.0.0.1:8000/admin/navigation', '2020-03-27 21:16:04'),
(292, 4, '127.0.0.1', 'http://127.0.0.1:8000/admin/navigation/create', '2020-03-27 21:16:08'),
(293, 4, '127.0.0.1', 'http://127.0.0.1:8000/admin/navigation/create', '2020-03-27 21:18:44'),
(294, 4, '127.0.0.1', 'http://127.0.0.1:8000/admin/navigation/create', '2020-03-27 21:19:10'),
(295, 4, '127.0.0.1', 'http://127.0.0.1:8000/admin/navigation/create', '2020-03-27 21:19:55'),
(296, 4, '127.0.0.1', 'http://127.0.0.1:8000/admin/navigation/create', '2020-03-27 21:20:13'),
(297, 4, '127.0.0.1', 'http://127.0.0.1:8000/admin/navigation/create', '2020-03-27 21:20:33'),
(298, 4, '127.0.0.1', 'http://127.0.0.1:8000/admin/navigation', '2020-03-27 21:20:44'),
(299, 4, '127.0.0.1', 'http://127.0.0.1:8000/admin/navigation/create', '2020-03-27 21:20:47'),
(300, 4, '127.0.0.1', 'http://127.0.0.1:8000/admin/user', '2020-03-27 21:20:58'),
(301, 4, '127.0.0.1', 'http://127.0.0.1:8000/admin/user', '2020-03-27 21:22:05'),
(302, 4, '127.0.0.1', 'http://127.0.0.1:8000/logout', '2020-03-27 21:22:09'),
(303, 1, '127.0.0.1', 'http://127.0.0.1:8000', '2020-03-27 21:23:10'),
(304, 1, '127.0.0.1', 'http://127.0.0.1:8000/user/1', '2020-03-27 21:24:47'),
(305, 1, '127.0.0.1', 'http://127.0.0.1:8000/user/1', '2020-03-27 21:25:16'),
(306, 1, '127.0.0.1', 'http://127.0.0.1:8000/user/1', '2020-03-27 21:26:00'),
(307, 1, '127.0.0.1', 'http://127.0.0.1:8000/user/friends', '2020-03-27 21:26:02'),
(308, 1, '127.0.0.1', 'http://127.0.0.1:8000/user/1/edit', '2020-03-27 21:26:09'),
(309, 1, '127.0.0.1', 'http://127.0.0.1:8000/user/1/edit', '2020-03-27 21:27:07'),
(310, 1, '127.0.0.1', 'http://127.0.0.1:8000/user/1/edit', '2020-03-27 21:27:10'),
(311, 1, '127.0.0.1', 'http://127.0.0.1:8000/user/1/edit', '2020-03-27 21:27:10'),
(312, 1, '127.0.0.1', 'http://127.0.0.1:8000/user/1/edit', '2020-03-27 21:27:29'),
(313, 1, '127.0.0.1', 'http://127.0.0.1:8000/user/1/edit', '2020-03-27 21:27:31'),
(314, 1, '127.0.0.1', 'http://127.0.0.1:8000/user/1/edit', '2020-03-27 21:27:40'),
(315, 1, '127.0.0.1', 'http://127.0.0.1:8000/user/1/edit', '2020-03-27 21:27:41'),
(316, 1, '127.0.0.1', 'http://127.0.0.1:8000/user/1/edit', '2020-03-27 21:27:47'),
(317, 1, '127.0.0.1', 'http://127.0.0.1:8000/user/1/edit', '2020-03-27 21:27:48'),
(318, 1, '127.0.0.1', 'http://127.0.0.1:8000/user/friends', '2020-03-27 21:27:57'),
(319, 1, '127.0.0.1', 'http://127.0.0.1:8000/user_profile/2', '2020-03-27 21:27:59'),
(320, 1, '127.0.0.1', 'http://127.0.0.1:8000/user_profile/2/friends', '2020-03-27 21:28:05'),
(321, 1, '127.0.0.1', 'http://127.0.0.1:8000/user_profile/3', '2020-03-27 21:28:08'),
(322, 1, '127.0.0.1', 'http://127.0.0.1:8000/user_profile/3', '2020-03-27 21:29:11'),
(323, 1, '127.0.0.1', 'http://127.0.0.1:8000/user/1', '2020-03-27 21:29:19'),
(324, 1, '127.0.0.1', 'http://127.0.0.1:8000/user/1', '2020-03-27 21:29:39'),
(325, 1, '127.0.0.1', 'http://127.0.0.1:8000', '2020-03-27 21:30:11'),
(326, 1, '127.0.0.1', 'http://127.0.0.1:8000/user/1', '2020-03-27 21:30:19'),
(327, 1, '127.0.0.1', 'http://127.0.0.1:8000/user/1', '2020-03-27 21:30:56'),
(328, 1, '127.0.0.1', 'http://127.0.0.1:8000/user/friends', '2020-03-27 21:30:58'),
(329, 1, '127.0.0.1', 'http://127.0.0.1:8000/user/1/edit', '2020-03-27 21:31:00'),
(330, 1, '127.0.0.1', 'http://127.0.0.1:8000/user/1/edit', '2020-03-27 21:31:37'),
(331, 1, '127.0.0.1', 'http://127.0.0.1:8000/user/1/edit', '2020-03-27 21:32:09'),
(332, 1, '127.0.0.1', 'http://127.0.0.1:8000', '2020-03-27 21:32:18'),
(333, 1, '127.0.0.1', 'http://127.0.0.1:8000', '2020-03-27 21:32:23'),
(334, 1, '127.0.0.1', 'http://127.0.0.1:8000', '2020-03-27 21:32:30'),
(335, 1, '127.0.0.1', 'http://127.0.0.1:8000', '2020-03-27 21:32:34'),
(336, 1, '127.0.0.1', 'http://127.0.0.1:8000', '2020-03-27 21:34:12'),
(337, 1, '127.0.0.1', 'http://127.0.0.1:8000', '2020-03-27 21:34:14'),
(338, 1, '127.0.0.1', 'http://127.0.0.1:8000', '2020-03-27 21:34:16'),
(339, 1, '127.0.0.1', 'http://127.0.0.1:8000', '2020-03-27 21:34:51'),
(340, 1, '127.0.0.1', 'http://127.0.0.1:8000', '2020-03-27 21:34:54'),
(341, 1, '127.0.0.1', 'http://127.0.0.1:8000', '2020-03-27 21:34:57'),
(342, 1, '127.0.0.1', 'http://127.0.0.1:8000', '2020-03-27 21:35:24'),
(343, 1, '127.0.0.1', 'http://127.0.0.1:8000', '2020-03-27 21:35:24'),
(344, 1, '127.0.0.1', 'http://127.0.0.1:8000', '2020-03-27 21:35:27'),
(345, 1, '127.0.0.1', 'http://127.0.0.1:8000', '2020-03-27 21:35:29'),
(346, 1, '127.0.0.1', 'http://127.0.0.1:8000', '2020-03-27 21:35:30'),
(347, 1, '127.0.0.1', 'http://127.0.0.1:8000', '2020-03-27 21:36:55'),
(348, 1, '127.0.0.1', 'http://127.0.0.1:8000/user/1', '2020-03-27 21:40:43'),
(349, 1, '127.0.0.1', 'http://127.0.0.1:8000/user/1/edit', '2020-03-27 21:40:46'),
(350, 1, '127.0.0.1', 'http://127.0.0.1:8000/user/1', '2020-03-27 21:40:48'),
(351, 1, '127.0.0.1', 'http://127.0.0.1:8000/user/1', '2020-03-27 21:41:37'),
(352, 1, '127.0.0.1', 'http://127.0.0.1:8000/user/1', '2020-03-27 21:42:21'),
(353, 1, '127.0.0.1', 'http://127.0.0.1:8000/user/1', '2020-03-27 21:43:17'),
(354, 1, '127.0.0.1', 'http://127.0.0.1:8000/user/1', '2020-03-27 21:44:03'),
(355, 1, '127.0.0.1', 'http://127.0.0.1:8000/user/1', '2020-03-27 21:44:24'),
(356, 1, '127.0.0.1', 'http://127.0.0.1:8000/user/1585251136temp-people-profile.jpg', '2020-03-27 21:44:25'),
(357, 1, '127.0.0.1', 'http://127.0.0.1:8000/user/1', '2020-03-27 21:44:59'),
(358, 1, '127.0.0.1', 'http://127.0.0.1:8000/user/1', '2020-03-27 21:45:04'),
(359, 1, '127.0.0.1', 'http://127.0.0.1:8000/user/1', '2020-03-27 21:46:09'),
(360, 1, '127.0.0.1', 'http://127.0.0.1:8000/user/1', '2020-03-27 21:46:22'),
(361, 1, '127.0.0.1', 'http://127.0.0.1:8000/user/1', '2020-03-27 21:46:35'),
(362, 1, '127.0.0.1', 'http://127.0.0.1:8000/user/1', '2020-03-27 21:47:12'),
(363, 1, '127.0.0.1', 'http://127.0.0.1:8000/user/1', '2020-03-27 21:47:14'),
(364, 1, '127.0.0.1', 'http://127.0.0.1:8000/user/1', '2020-03-27 21:47:16'),
(365, 1, '127.0.0.1', 'http://127.0.0.1:8000/user/1', '2020-03-27 21:47:33'),
(366, 1, '127.0.0.1', 'http://127.0.0.1:8000/user/1', '2020-03-27 21:47:55'),
(367, 1, '127.0.0.1', 'http://127.0.0.1:8000/user/1', '2020-03-27 21:48:09'),
(368, 1, '127.0.0.1', 'http://127.0.0.1:8000', '2020-03-27 21:48:13'),
(369, 1, '127.0.0.1', 'http://127.0.0.1:8000', '2020-03-27 21:48:38'),
(370, 1, '127.0.0.1', 'http://127.0.0.1:8000', '2020-03-27 21:49:18'),
(371, 1, '127.0.0.1', 'http://127.0.0.1:8000', '2020-03-27 21:49:48'),
(372, 1, '127.0.0.1', 'http://127.0.0.1:8000', '2020-03-27 21:50:02'),
(373, 1, '127.0.0.1', 'http://127.0.0.1:8000', '2020-03-27 21:50:36'),
(374, 1, '127.0.0.1', 'http://127.0.0.1:8000/posts_ajax', '2020-03-27 21:50:48'),
(375, 1, '127.0.0.1', 'http://127.0.0.1:8000/posts_ajax', '2020-03-27 21:50:52'),
(376, 1, '127.0.0.1', 'http://127.0.0.1:8000/posts_ajax', '2020-03-27 21:50:54'),
(377, 1, '127.0.0.1', 'http://127.0.0.1:8000/posts_ajax', '2020-03-27 21:50:57'),
(378, 1, '127.0.0.1', 'http://127.0.0.1:8000/posts_ajax', '2020-03-27 21:51:00'),
(379, 1, '127.0.0.1', 'http://127.0.0.1:8000', '2020-03-27 21:51:26'),
(380, 1, '127.0.0.1', 'http://127.0.0.1:8000/posts_ajax', '2020-03-27 21:51:32'),
(381, 1, '127.0.0.1', 'http://127.0.0.1:8000/posts_ajax', '2020-03-27 21:51:34'),
(382, 1, '127.0.0.1', 'http://127.0.0.1:8000', '2020-03-27 21:51:36'),
(383, 1, '127.0.0.1', 'http://127.0.0.1:8000/user/1', '2020-03-27 21:55:45'),
(384, 1, '127.0.0.1', 'http://127.0.0.1:8000/user/1/edit', '2020-03-27 21:55:48'),
(385, 1, '127.0.0.1', 'http://127.0.0.1:8000/user/1', '2020-03-27 21:55:50'),
(386, 1, '127.0.0.1', 'http://127.0.0.1:8000/post/8/edit', '2020-03-27 21:55:52'),
(387, 1, '127.0.0.1', 'http://127.0.0.1:8000/post/8/edit', '2020-03-27 21:57:00'),
(388, 1, '127.0.0.1', 'http://127.0.0.1:8000/post/8/edit', '2020-03-27 21:57:11'),
(389, 1, '127.0.0.1', 'http://127.0.0.1:8000/post/8/edit', '2020-03-27 21:57:22'),
(390, 1, '127.0.0.1', 'http://127.0.0.1:8000/post/8/edit', '2020-03-27 21:57:53'),
(391, 1, '127.0.0.1', 'http://127.0.0.1:8000/post/8/edit', '2020-03-27 21:58:09'),
(392, 1, '127.0.0.1', 'http://127.0.0.1:8000/post/8/edit', '2020-03-27 21:58:20'),
(393, 1, '127.0.0.1', 'http://127.0.0.1:8000/post/8/edit', '2020-03-27 21:58:24'),
(394, 1, '127.0.0.1', 'http://127.0.0.1:8000/user/1', '2020-03-27 21:58:35'),
(395, 1, '127.0.0.1', 'http://127.0.0.1:8000/user/1/edit', '2020-03-27 21:58:38'),
(396, 1, '127.0.0.1', 'http://127.0.0.1:8000/post/8/edit', '2020-03-27 21:59:07'),
(397, 1, '127.0.0.1', 'http://127.0.0.1:8000/post/8/edit', '2020-03-27 21:59:10'),
(398, 1, '127.0.0.1', 'http://127.0.0.1:8000/user/1/edit', '2020-03-27 22:00:00'),
(399, 1, '127.0.0.1', 'http://127.0.0.1:8000/post/8/edit', '2020-03-27 22:00:01'),
(400, 1, '127.0.0.1', 'http://127.0.0.1:8000/post/8/edit', '2020-03-27 22:00:03'),
(401, 1, '127.0.0.1', 'http://127.0.0.1:8000/post/8/edit', '2020-03-27 22:00:29'),
(402, 1, '127.0.0.1', 'http://127.0.0.1:8000/post/8/edit', '2020-03-27 22:00:31'),
(403, 1, '127.0.0.1', 'http://127.0.0.1:8000/post/8/edit', '2020-03-27 22:00:44'),
(404, 1, '127.0.0.1', 'http://127.0.0.1:8000/post/8/edit', '2020-03-27 22:00:45'),
(405, 1, '127.0.0.1', 'http://127.0.0.1:8000/post/8/edit', '2020-03-27 22:01:12'),
(406, 1, '127.0.0.1', 'http://127.0.0.1:8000/post/8/update', '2020-03-27 22:01:20'),
(407, 1, '127.0.0.1', 'http://127.0.0.1:8000/post/8/edit', '2020-03-27 22:01:21'),
(408, 1, '127.0.0.1', 'http://127.0.0.1:8000/post/8/edit', '2020-03-27 22:01:27'),
(409, 1, '127.0.0.1', 'http://127.0.0.1:8000/post/8/update', '2020-03-27 22:01:31'),
(410, 1, '127.0.0.1', 'http://127.0.0.1:8000/post/8/edit', '2020-03-27 22:01:31'),
(411, 1, '127.0.0.1', 'http://127.0.0.1:8000/post/8/edit', '2020-03-27 22:02:00'),
(412, 1, '127.0.0.1', 'http://127.0.0.1:8000', '2020-03-27 22:02:23'),
(413, 1, '127.0.0.1', 'http://127.0.0.1:8000/user/1', '2020-03-27 22:02:31'),
(414, 1, '127.0.0.1', 'http://127.0.0.1:8000/user/friends', '2020-03-27 22:02:34'),
(415, 1, '127.0.0.1', 'http://127.0.0.1:8000/user/1/edit', '2020-03-27 22:02:36'),
(416, 1, '127.0.0.1', 'http://127.0.0.1:8000/logout', '2020-03-27 22:02:40'),
(417, 1, '127.0.0.1', 'http://127.0.0.1:8000', '2020-03-27 22:02:52'),
(418, 1, '127.0.0.1', 'http://127.0.0.1:8000/user/1/edit', '2020-03-27 22:03:39'),
(419, 1, '127.0.0.1', 'http://127.0.0.1:8000/logout', '2020-03-27 22:09:57'),
(420, 16, '127.0.0.1', 'http://127.0.0.1:8000', '2020-03-27 22:10:50'),
(421, 16, '127.0.0.1', 'http://127.0.0.1:8000/posts', '2020-03-27 22:11:02'),
(422, 16, '127.0.0.1', 'http://127.0.0.1:8000', '2020-03-27 22:11:02'),
(423, 16, '127.0.0.1', 'http://127.0.0.1:8000/posts_ajax', '2020-03-27 22:11:16'),
(424, 16, '127.0.0.1', 'http://127.0.0.1:8000', '2020-03-27 22:11:27'),
(425, 16, '127.0.0.1', 'http://127.0.0.1:8000/user/16', '2020-03-27 22:11:32'),
(426, 16, '127.0.0.1', 'http://127.0.0.1:8000/user/friends', '2020-03-27 22:11:34'),
(427, 16, '127.0.0.1', 'http://127.0.0.1:8000', '2020-03-27 22:11:37'),
(428, 16, '127.0.0.1', 'http://127.0.0.1:8000/user/16', '2020-03-27 22:11:42'),
(429, 16, '127.0.0.1', 'http://127.0.0.1:8000/user/16', '2020-03-27 22:11:45'),
(430, 16, '127.0.0.1', 'http://127.0.0.1:8000', '2020-03-27 22:11:48'),
(431, 16, '127.0.0.1', 'http://127.0.0.1:8000/logout', '2020-03-27 22:12:05'),
(432, 16, '127.0.0.1', 'http://127.0.0.1:8000', '2020-03-27 22:12:19'),
(433, 16, '127.0.0.1', 'http://127.0.0.1:8000/user/16', '2020-03-27 22:12:24'),
(434, 16, '127.0.0.1', 'http://127.0.0.1:8000', '2020-03-27 22:12:25'),
(435, 16, '127.0.0.1', 'http://127.0.0.1:8000/logout', '2020-03-27 22:12:38'),
(436, 3, '127.0.0.1', 'http://127.0.0.1:8000', '2020-03-27 22:12:46'),
(437, 3, '127.0.0.1', 'http://127.0.0.1:8000/posts', '2020-03-27 22:13:03'),
(438, 3, '127.0.0.1', 'http://127.0.0.1:8000', '2020-03-27 22:13:03'),
(439, 3, '127.0.0.1', 'http://127.0.0.1:8000/logout', '2020-03-27 22:13:10'),
(440, 1, '127.0.0.1', 'http://127.0.0.1:8000', '2020-03-27 22:13:20'),
(441, 1, '127.0.0.1', 'http://127.0.0.1:8000', '2020-03-27 22:13:26'),
(442, 1, '127.0.0.1', 'http://127.0.0.1:8000/user/1', '2020-03-27 22:13:28'),
(443, 1, '127.0.0.1', 'http://127.0.0.1:8000/user/friends', '2020-03-27 22:13:31'),
(444, 1, '127.0.0.1', 'http://127.0.0.1:8000', '2020-03-27 22:13:34'),
(445, 1, '127.0.0.1', 'http://127.0.0.1:8000/logout', '2020-03-27 22:13:39'),
(446, 4, '127.0.0.1', 'http://127.0.0.1:8000', '2020-03-27 22:13:50'),
(447, 4, '127.0.0.1', 'http://127.0.0.1:8000', '2020-03-27 22:15:01'),
(448, 4, '127.0.0.1', 'http://127.0.0.1:8000/admin/user', '2020-03-27 22:15:04'),
(449, 4, '127.0.0.1', 'http://127.0.0.1:8000/admin/navigation', '2020-03-27 22:15:11'),
(450, 4, '127.0.0.1', 'http://127.0.0.1:8000/admin/navigation/create', '2020-03-27 22:15:14'),
(451, 4, '127.0.0.1', 'http://127.0.0.1:8000/admin/visits', '2020-03-27 22:15:17'),
(452, 4, '127.0.0.1', 'http://127.0.0.1:8000/admin/actions', '2020-03-27 22:15:20'),
(453, 4, '127.0.0.1', 'http://127.0.0.1:8000/admin/visits', '2020-03-27 22:15:24'),
(454, 4, '127.0.0.1', 'http://127.0.0.1:8000/admin/visits', '2020-03-27 22:15:36'),
(455, 4, '127.0.0.1', 'http://127.0.0.1:8000/admin/actions', '2020-03-27 22:15:39'),
(456, 4, '127.0.0.1', 'http://127.0.0.1:8000/admin/actions', '2020-03-27 22:15:44'),
(457, 4, '127.0.0.1', 'http://127.0.0.1:8000/admin/visits', '2020-03-27 22:15:48'),
(458, 4, '127.0.0.1', 'http://127.0.0.1:8000/admin/actions', '2020-03-27 22:15:55'),
(459, 4, '127.0.0.1', 'http://127.0.0.1:8000/admin/actions', '2020-03-27 22:16:02'),
(460, 4, '127.0.0.1', 'http://127.0.0.1:8000/admin/actions', '2020-03-27 22:16:43'),
(461, 4, '127.0.0.1', 'http://127.0.0.1:8000/admin/visits', '2020-03-27 22:16:48'),
(462, 4, '127.0.0.1', 'http://127.0.0.1:8000/logout', '2020-03-27 22:21:35'),
(463, 1, '127.0.0.1', 'http://127.0.0.1:8000', '2020-03-27 22:36:52'),
(464, 1, '127.0.0.1', 'http://127.0.0.1:8000/user/1', '2020-03-27 22:39:53'),
(465, 1, '127.0.0.1', 'http://127.0.0.1:8000/user/friends', '2020-03-27 22:41:04'),
(466, 1, '127.0.0.1', 'http://127.0.0.1:8000/user/1/edit', '2020-03-27 22:42:08'),
(467, 1, '127.0.0.1', 'http://127.0.0.1:8000/logout', '2020-03-27 22:45:42'),
(468, 4, '127.0.0.1', 'http://127.0.0.1:8000', '2020-03-27 22:45:50'),
(469, 4, '127.0.0.1', 'http://127.0.0.1:8000/admin/user', '2020-03-27 22:45:53'),
(470, 4, '127.0.0.1', 'http://127.0.0.1:8000/admin/navigation', '2020-03-27 22:47:44'),
(471, 4, '127.0.0.1', 'http://127.0.0.1:8000/admin/visits', '2020-03-27 22:48:18'),
(472, 4, '127.0.0.1', 'http://127.0.0.1:8000/admin/actions', '2020-03-27 22:48:30');

--
-- Indexes for dumped tables
--

--
-- Indexes for table `actions`
--
ALTER TABLE `actions`
  ADD PRIMARY KEY (`id_actions`),
  ADD KEY `id_user` (`id_user`);

--
-- Indexes for table `comments`
--
ALTER TABLE `comments`
  ADD PRIMARY KEY (`id_comment`),
  ADD KEY `id_post` (`id_post`),
  ADD KEY `id_user` (`id_user`);

--
-- Indexes for table `friends`
--
ALTER TABLE `friends`
  ADD PRIMARY KEY (`id_friend`),
  ADD KEY `id_friend1` (`id_friend1`),
  ADD KEY `id_friend2` (`id_friend2`);

--
-- Indexes for table `images`
--
ALTER TABLE `images`
  ADD PRIMARY KEY (`id_image`),
  ADD KEY `id_post` (`id_post`);

--
-- Indexes for table `likes`
--
ALTER TABLE `likes`
  ADD PRIMARY KEY (`id_like`),
  ADD KEY `id_post` (`id_post`),
  ADD KEY `id_user` (`id_user`);

--
-- Indexes for table `navigation`
--
ALTER TABLE `navigation`
  ADD PRIMARY KEY (`id_navigation`);

--
-- Indexes for table `posts`
--
ALTER TABLE `posts`
  ADD PRIMARY KEY (`id_post`),
  ADD KEY `id_user` (`id_user`);

--
-- Indexes for table `roles`
--
ALTER TABLE `roles`
  ADD PRIMARY KEY (`id_role`);

--
-- Indexes for table `users`
--
ALTER TABLE `users`
  ADD PRIMARY KEY (`id_user`),
  ADD KEY `id_role` (`id_role`);

--
-- Indexes for table `visit`
--
ALTER TABLE `visit`
  ADD PRIMARY KEY (`id_visit`),
  ADD KEY `id_user` (`id_user`);

--
-- AUTO_INCREMENT for dumped tables
--

--
-- AUTO_INCREMENT for table `actions`
--
ALTER TABLE `actions`
  MODIFY `id_actions` int(11) NOT NULL AUTO_INCREMENT, AUTO_INCREMENT=28;

--
-- AUTO_INCREMENT for table `comments`
--
ALTER TABLE `comments`
  MODIFY `id_comment` int(11) NOT NULL AUTO_INCREMENT, AUTO_INCREMENT=18;

--
-- AUTO_INCREMENT for table `friends`
--
ALTER TABLE `friends`
  MODIFY `id_friend` int(11) NOT NULL AUTO_INCREMENT, AUTO_INCREMENT=45;

--
-- AUTO_INCREMENT for table `images`
--
ALTER TABLE `images`
  MODIFY `id_image` int(11) NOT NULL AUTO_INCREMENT, AUTO_INCREMENT=11;

--
-- AUTO_INCREMENT for table `likes`
--
ALTER TABLE `likes`
  MODIFY `id_like` int(11) NOT NULL AUTO_INCREMENT, AUTO_INCREMENT=29;

--
-- AUTO_INCREMENT for table `navigation`
--
ALTER TABLE `navigation`
  MODIFY `id_navigation` int(11) NOT NULL AUTO_INCREMENT, AUTO_INCREMENT=2;

--
-- AUTO_INCREMENT for table `posts`
--
ALTER TABLE `posts`
  MODIFY `id_post` int(11) NOT NULL AUTO_INCREMENT, AUTO_INCREMENT=11;

--
-- AUTO_INCREMENT for table `roles`
--
ALTER TABLE `roles`
  MODIFY `id_role` int(11) NOT NULL AUTO_INCREMENT, AUTO_INCREMENT=3;

--
-- AUTO_INCREMENT for table `users`
--
ALTER TABLE `users`
  MODIFY `id_user` int(11) NOT NULL AUTO_INCREMENT, AUTO_INCREMENT=19;

--
-- AUTO_INCREMENT for table `visit`
--
ALTER TABLE `visit`
  MODIFY `id_visit` int(11) NOT NULL AUTO_INCREMENT, AUTO_INCREMENT=473;

--
-- Constraints for dumped tables
--

--
-- Constraints for table `actions`
--
ALTER TABLE `actions`
  ADD CONSTRAINT `actions_ibfk_1` FOREIGN KEY (`id_user`) REFERENCES `users` (`id_user`) ON DELETE CASCADE ON UPDATE CASCADE;

--
-- Constraints for table `comments`
--
ALTER TABLE `comments`
  ADD CONSTRAINT `comments_ibfk_1` FOREIGN KEY (`id_post`) REFERENCES `posts` (`id_post`) ON DELETE CASCADE ON UPDATE CASCADE,
  ADD CONSTRAINT `comments_ibfk_2` FOREIGN KEY (`id_user`) REFERENCES `users` (`id_user`) ON DELETE CASCADE ON UPDATE CASCADE;

--
-- Constraints for table `friends`
--
ALTER TABLE `friends`
  ADD CONSTRAINT `friends_ibfk_1` FOREIGN KEY (`id_friend1`) REFERENCES `users` (`id_user`),
  ADD CONSTRAINT `friends_ibfk_2` FOREIGN KEY (`id_friend2`) REFERENCES `users` (`id_user`);

--
-- Constraints for table `images`
--
ALTER TABLE `images`
  ADD CONSTRAINT `images_ibfk_1` FOREIGN KEY (`id_post`) REFERENCES `posts` (`id_post`) ON DELETE CASCADE ON UPDATE CASCADE;

--
-- Constraints for table `likes`
--
ALTER TABLE `likes`
  ADD CONSTRAINT `likes_ibfk_1` FOREIGN KEY (`id_user`) REFERENCES `users` (`id_user`) ON DELETE CASCADE ON UPDATE CASCADE,
  ADD CONSTRAINT `likes_ibfk_2` FOREIGN KEY (`id_post`) REFERENCES `posts` (`id_post`) ON DELETE CASCADE ON UPDATE CASCADE;

--
-- Constraints for table `posts`
--
ALTER TABLE `posts`
  ADD CONSTRAINT `posts_ibfk_1` FOREIGN KEY (`id_user`) REFERENCES `users` (`id_user`);

--
-- Constraints for table `users`
--
ALTER TABLE `users`
  ADD CONSTRAINT `users_ibfk_1` FOREIGN KEY (`id_role`) REFERENCES `roles` (`id_role`);

--
-- Constraints for table `visit`
--
ALTER TABLE `visit`
  ADD CONSTRAINT `visit_ibfk_1` FOREIGN KEY (`id_user`) REFERENCES `users` (`id_user`) ON DELETE CASCADE ON UPDATE CASCADE;
COMMIT;

/*!40101 SET CHARACTER_SET_CLIENT=@OLD_CHARACTER_SET_CLIENT */;
/*!40101 SET CHARACTER_SET_RESULTS=@OLD_CHARACTER_SET_RESULTS */;
/*!40101 SET COLLATION_CONNECTION=@OLD_COLLATION_CONNECTION */;
